Workbook

Sheet Control
A1: Report date | B1: 46314
A3: WK# | B3: Monday | C3: Saturday
A4: =WEEKNUM(B4,21) | B4: =$B$1-(WEEKDAY($B$1,2)-1) | C4: =B4+5
A5: =WEEKNUM(B5,21) | B5: =B4+7 | C5: =B5+5
A6: =WEEKNUM(B6,21) | B6: =B5+7 | C6: =B6+5
A7: =WEEKNUM(B7,21) | B7: =B6+7 | C7: =B7+5
A9: Tomorrow | B9: =B1+1

Sheet BookingRaw
A1: Location | B1: Pickup Date | C1: 20'RE | D1: 40'RH
A2: BKK27 | B2: 46319 | C2: 1 | D2: 0
A3: BKK27 | B3: 46316 | C3: 1 | D3: 0
A4: BKK27 | B4: 46331 | C4: 1 | D4: 0
A5: LCH27 | B5: 46315 | C5: 1 | D5: 0
A6: BKK27 | B6: 46314 | C6: 1 | D6: 0
A7: BKK27 | B7: 46318 | C7: 1 | D7: 0
A8: BKK27 | B8: 46319 | C8: 1 | D8: 0
A9: BKK27 | B9: 46317 | C9: 1 | D9: 0
A10: BKK27 | B10: 46324 | C10: 1 | D10: 0
A11: BKK27 | B11: 46325 | C11: 1 | D11: 0
A12: BKK27 | B12: 46316 | C12: 1 | D12: 0
A13: BKK27 | B13: 46323 | C13: 0 | D13: 0
... A565: BKK27 | B565: 46311 | C565: 0 | D565: 6

Sheet StockRaw
A1: Location | B1: Size/Type | C1: Move Code
A2: BKK27 | B2: 22RE | C2: OER
A3: LCH27 | B3: 45RE | C3: OER
A4: LCH27 | B4: 45RE | C4: OER
A5: LCH27 | B5: 45RE | C5: OER
A6: LCH27 | B6: 22RE | C6: OER
A7: BKK27 | B7: 45RE | C7: OER
A8: BKK27 | B8: 22RE | C8: OER
A9: BKK27 | B9: 22RE | C9: OER
A10: BKK27 | B10: 22RE | C10: OER
A11: BKK27 | B11: 45RE | C11: OER
A12: BKK27 | B12: 22RE | C12: OER
... A140: BKK27 | B140: 45RE | C140: IED

Sheet TOTAL RH
A1: ="Stock vs Booking Report - Reefer (20'RE / 40'RH) as of "&DAY(Control!$B$1)&" "&CHOOSE(MONTH(Control!$B$1),"JAN","FEB","MAR","APR","MAY","JUN","JUL","AUG","SEP","OCT","NOV","DEC")&" "&YEAR(Control!$B$1)
B3: BKK27 / BC2 | H3: LCH27 / HAST | M3: STOCK | N3: 22RE | O3: 45RE
A4: WK | C4: 20'RE | D4: 40'RH | G4: WK | I4: 20'RE | J4: 40'RH | M4: BC | N4: =C5 | O4: =D5
B5: Stock empty in yard | C5: 37 | D5: 34 | H5: Stock empty in yard | I5: 12 | J5: 56 | M5: HAST | N5: =I5 | O5: =J5
A6: =Control!$A$4 | B6: Booking Pending pick up | C6: =SUMIFS(BookingRaw!$C$2:$C$8000,BookingRaw!$A$2:$A$8000,"BKK27",BookingRaw!$B$2:$B$8000,"<"&Control!$B$1) | D6: =SUMIFS(BookingRaw!$D$2:$D$8000,BookingRaw!$A$2:$A$8000,"BKK27",BookingRaw!$B$2:$B$8000,"<"&Control!$B$1) | G6: =Control!$A$4 | H6: Booking Pending pick up | I6: =SUMIFS(BookingRaw!$C$2:$C$8000,BookingRaw!$A$2:$A$8000,"LCH27",BookingRaw!$B$2:$B$8000,"<"&Control!$B$1) | J6: =SUMIFS(BookingRaw!$D$2:$D$8000,BookingRaw!$A$2:$A$8000,"LCH27",BookingRaw!$B$2:$B$8000,"<"&Control!$B$1) | M6: TOTAL | N6: =SUM(N4:N5) | O6: =SUM(O4:O5)
A7: =Control!$A$4 | B7: ="Booking on "&DAY(Control!$B$1)&" "&CHOOSE(MONTH(Control!$B$1),"JAN","FEB","MAR","APR","MAY","JUN","JUL","AUG","SEP","OCT","NOV","DEC") | C7: =SUMIFS(BookingRaw!$C$2:$C$8000,BookingRaw!$A$2:$A$8000,"BKK27",BookingRaw!$B$2:$B$8000,"="&Control!$B$1) | D7: =SUMIFS(BookingRaw!$D$2:$D$8000,BookingRaw!$A$2:$A$8000,"BKK27",BookingRaw!$B$2:$B$8000,"="&Control!$B$1) | G7: =Control!$A$4 | H7: ="Booking on "&DAY(Control!$B$1)&" "&CHOOSE(MONTH(Control!$B$1),"JAN","FEB","MAR","APR","MAY","JUN","JUL","AUG","SEP","OCT","NOV","DEC") | I7: =SUMIFS(BookingRaw!$C$2:$C$8000,BookingRaw!$A$2:$A$8000,"LCH27",BookingRaw!$B$2:$B$8000,"="&Control!$B$1) | J7: =SUMIFS(BookingRaw!$D$2:$D$8000,BookingRaw!$A$2:$A$8000,"LCH27",BookingRaw!$B$2:$B$8000,"="&Control!$B$1)
A8: =Control!$A$4 | B8: ="Booking on "&IF(Control!$B$9=Control!$C$4,DAY(Control!$B$9)&" "&CHOOSE(MONTH(Control!$B$9),"JAN","FEB","MAR","APR","MAY","JUN","JUL","AUG","SEP","OCT","NOV","DEC"),IF(MONTH(Control!$B$9)=MONTH(Control!$C$4),DAY(Control!$B$9)&"-"&DAY(Control!$C$4)&" "&CHOOSE(MONTH(Control!$C$4),"JAN","FEB","MAR","APR","MAY","JUN","JUL","AUG","SEP","OCT","NOV","DEC"),DAY(Control!$B$9)&" "&CHOOSE(MONTH(Control!$B$9),"JAN","FEB","MAR","APR","MAY","JUN","JUL","AUG","SEP","OCT","NOV","DEC")&"-"&DAY(Control!$C$4)&" "&CHOOSE(MONTH(Control!$C$4),"JAN","FEB","MAR","APR","MAY","JUN","JUL","AUG","SEP","OCT","NOV","DEC"))) | C8: =SUMIFS(BookingRaw!$C$2:$C$8000,BookingRaw!$A$2:$A$8000,"BKK27",BookingRaw!$B$2:$B$8000,">="&Control!$B$9,BookingRaw!$B$2:$B$8000,"<="&Control!$C$4) | D8: =SUMIFS(BookingRaw!$D$2:$D$8000,BookingRaw!$A$2:$A$8000,"BKK27",BookingRaw!$B$2:$B$8000,">="&Control!$B$9,BookingRaw!$B$2:$B$8000,"<="&Control!$C$4) | G8: =Control!$A$4 | H8: ="Booking on "&IF(Control!$B$9=Control!$C$4,DAY(Control!$B$9)&" "&CHOOSE(MONTH(Control!$B$9),"JAN","FEB","MAR","APR","MAY","JUN","JUL","AUG","SEP","OCT","NOV","DEC"),IF(MONTH(Control!$B$9)=MONTH(Control!$C$4),DAY(Control!$B$9)&"-"&DAY(Control!$C$4)&" "&CHOOSE(MONTH(Control!$C$4),"JAN","FEB","MAR","APR","MAY","JUN","JUL","AUG","SEP","OCT","NOV","DEC"),DAY(Control!$B$9)&" "&CHOOSE(MONTH(Control!$B$9),"JAN","FEB","MAR","APR","MAY","JUN","JUL","AUG","SEP","OCT","NOV","DEC")&"-"&DAY(Control!$C$4)&" "&CHOOSE(MONTH(Control!$C$4),"JAN","FEB","MAR","APR","MAY","JUN","JUL","AUG","SEP","OCT","NOV","DEC"))) | I8: =SUMIFS(BookingRaw!$C$2:$C$8000,BookingRaw!$A$2:$A$8000,"LCH27",BookingRaw!$B$2:$B$8000,">="&Control!$B$9,BookingRaw!$B$2:$B$8000,"<="&Control!$C$4) | J8: =SUMIFS(BookingRaw!$D$2:$D$8000,BookingRaw!$A$2:$A$8000,"LCH27",BookingRaw!$B$2:$B$8000,">="&Control!$B$9,BookingRaw!$B$2:$B$8000,"<="&Control!$C$4) | M8: BOOKING | N8: 22RE | O8: 45RE
B9: ="AV Balance till "&DAY(Control!$C$4)&" "&CHOOSE(MONTH(Control!$C$4),"JAN","FEB","MAR","APR","MAY","JUN","JUL","AUG","SEP","OCT","NOV","DEC") | C9: =C5-C6-C7-C8 | D9: =D5-D6-D7-D8 | H9: ="AV Balance till "&DAY(Control!$C$4)&" "&CHOOSE(MONTH(Control!$C$4),"JAN","FEB","MAR","APR","MAY","JUN","JUL","AUG","SEP","OCT","NOV","DEC") | I9: =I5-I6-I7-I8 | J9: =J5-J6-J7-J8 | M9: BC | N9: =C6+C7+C8+C11+C14 | O9: =D6+D7+D8+D11+D14
M10: HAST | N10: =I6+I7+I8+I11+I14 | O10: =J6+J7+J8+J11+J14
A11: =Control!$A$5 | B11: ="Booking on "&IF(Control!$B5=Control!$C5,DAY(Control!$B5)&" "&CHOOSE(MONTH(Control!$B5),"JAN","FEB","MAR","APR","MAY","JUN","JUL","AUG","SEP","OCT","NOV","DEC"),IF(MONTH(Control!$B5)=MONTH(Control!$C5),DAY(Control!$B5)&"-"&DAY(Control!$C5)&" "&CHOOSE(MONTH(Control!$C5),"JAN","FEB","MAR","APR","MAY","JUN","JUL","AUG","SEP","OCT","NOV","DEC"),DAY(Control!$B5)&" "&CHOOSE(MONTH(Control!$B5),"JAN","FEB","MAR","APR","MAY","JUN","JUL","AUG","SEP","OCT","NOV","DEC")&"-"&DAY(Control!$C5)&" "&CHOOSE(MONTH(Control!$C5),"JAN","FEB","MAR","APR","MAY","JUN","JUL","AUG","SEP","OCT","NOV","DEC"))) | C11: =SUMIFS(BookingRaw!$C$2:$C$8000,BookingRaw!$A$2:$A$8000,"BKK27",BookingRaw!$B$2:$B$8000,">="&Control!$B5,BookingRaw!$B$2:$B$8000,"<="&Control!$C5) | D11: =SUMIFS(BookingRaw!$D$2:$D$8000,BookingRaw!$A$2:$A$8000,"BKK27",BookingRaw!$B$2:$B$8000,">="&Control!$B5,BookingRaw!$B$2:$B$8000,"<="&Control!$C5) | G11: =Control!$A$5 | H11: ="Booking on "&IF(Control!$B5=Control!$C5,DAY(Control!$B5)&" "&CHOOSE(MONTH(Control!$B5),"JAN","FEB","MAR","APR","MAY","JUN","JUL","AUG","SEP","OCT","NOV","DEC"),IF(MONTH(Control!$B5)=MONTH(Control!$C5),DAY(Control!$B5)&"-"&DAY(Control!$C5)&" "&CHOOSE(MONTH(Control!$C5),"JAN","FEB","MAR","APR","MAY","JUN","JUL","AUG","SEP","OCT","NOV","DEC"),DAY(Control!$B5)&" "&CHOOSE(MONTH(Control!$B5),"JAN","FEB","MAR","APR","MAY","JUN","JUL","AUG","SEP","OCT","NOV","DEC")&"-"&DAY(Control!$C5)&" "&CHOOSE(MONTH(Control!$C5),"JAN","FEB","MAR","APR","MAY","JUN","JUL","AUG","SEP","OCT","NOV","DEC"))) | I11: =SUMIFS(BookingRaw!$C$2:$C$8000,BookingRaw!$A$2:$A$8000,"LCH27",BookingRaw!$B$2:$B$8000,">="&Control!$B5,BookingRaw!$B$2:$B$8000,"<="&Control!$C5) | J11: =SUMIFS(BookingRaw!$D$2:$D$8000,BookingRaw!$A$2:$A$8000,"LCH27",BookingRaw!$B$2:$B$8000,">="&Control!$B5,BookingRaw!$B$2:$B$8000,"<="&Control!$C5) | M11: TOTAL | N11: =SUM(N9:N10) | O11: =SUM(O9:O10)
B12: ="AV Balance till "&DAY(Control!$C5)&" "&CHOOSE(MONTH(Control!$C5),"JAN","FEB","MAR","APR","MAY","JUN","JUL","AUG","SEP","OCT","NOV","DEC") | C12: =C9-C11 | D12: =D9-D11 | H12: ="AV Balance till "&DAY(Control!$C5)&" "&CHOOSE(MONTH(Control!$C5),"JAN","FEB","MAR","APR","MAY","JUN","JUL","AUG","SEP","OCT","NOV","DEC") | I12: =I9-I11 | J12: =J9-J11
M13: BALANCE | N13: 22RE | O13: 45RE
A14: =Control!$A$6 | B14: ="Booking on "&IF(Control!$B6=Control!$C6,DAY(Control!$B6)&" "&CHOOSE(MONTH(Control!$B6),"JAN","FEB","MAR","APR","MAY","JUN","JUL","AUG","SEP","OCT","NOV","DEC"),IF(MONTH(Control!$B6)=MONTH(Control!$C6),DAY(Control!$B6)&"-"&DAY(Control!$C6)&" "&CHOOSE(MONTH(Control!$C6),"JAN","FEB","MAR","APR","MAY","JUN","JUL","AUG","SEP","OCT","NOV","DEC"),DAY(Control!$B6)&" "&CHOOSE(MONTH(Control!$B6),"JAN","FEB","MAR","APR","MAY","JUN","JUL","AUG","SEP","OCT","NOV","DEC")&"-"&DAY(Control!$C6)&" "&CHOOSE(MONTH(Control!$C6),"JAN","FEB","MAR","APR","MAY","JUN","JUL","AUG","SEP","OCT","NOV","DEC"))) | C14: =SUMIFS(BookingRaw!$C$2:$C$8000,BookingRaw!$A$2:$A$8000,"BKK27",BookingRaw!$B$2:$B$8000,">="&Control!$B6,BookingRaw!$B$2:$B$8000,"<="&DATE(2026,11,7)) | D14: =SUMIFS(BookingRaw!$D$2:$D$8000,BookingRaw!$A$2:$A$8000,"BKK27",BookingRaw!$B$2:$B$8000,">="&Control!$B6,BookingRaw!$B$2:$B$8000,"<="&DATE(2026,11,7)) | G14: =Control!$A$6 | H14: ="Booking on "&IF(Control!$B6=Control!$C6,DAY(Control!$B6)&" "&CHOOSE(MONTH(Control!$B6),"JAN","FEB","MAR","APR","MAY","JUN","JUL","AUG","SEP","OCT","NOV","DEC"),IF(MONTH(Control!$B6)=MONTH(Control!$C6),DAY(Control!$B6)&"-"&DAY(Control!$C6)&" "&CHOOSE(MONTH(Control!$C6),"JAN","FEB","MAR","APR","MAY","JUN","JUL","AUG","SEP","OCT","NOV","DEC"),DAY(Control!$B6)&" "&CHOOSE(MONTH(Control!$B6),"JAN","FEB","MAR","APR","MAY","JUN","JUL","AUG","SEP","OCT","NOV","DEC")&"-"&DAY(Control!$C6)&" "&CHOOSE(MONTH(Control!$C6),"JAN","FEB","MAR","APR","MAY","JUN","JUL","AUG","SEP","OCT","NOV","DEC"))) | I14: =SUMIFS(BookingRaw!$C$2:$C$8000,BookingRaw!$A$2:$A$8000,"LCH27",BookingRaw!$B$2:$B$8000,">="&Control!$B6,BookingRaw!$B$2:$B$8000,"<="&DATE(2026,11,7)) | J14: =SUMIFS(BookingRaw!$D$2:$D$8000,BookingRaw!$A$2:$A$8000,"LCH27",BookingRaw!$B$2:$B$8000,">="&Control!$B6,BookingRaw!$B$2:$B$8000,"<="&DATE(2026,11,7)) | M14: BC | N14: =C15 | O14: =D15
B15: ="AV Balance till "&DAY(Control!$C6)&" "&CHOOSE(MONTH(Control!$C6),"JAN","FEB","MAR","APR","MAY","JUN","JUL","AUG","SEP","OCT","NOV","DEC") | C15: =C12-C14 | D15: =D12-D14 | H15: ="AV Balance till "&DAY(Control!$C6)&" "&CHOOSE(MONTH(Control!$C6),"JAN","FEB","MAR","APR","MAY","JUN","JUL","AUG","SEP","OCT","NOV","DEC") | I15: =I12-I14 | J15: =J12-J14 | M15: HAST | N15: =I15 | O15: =J15
M16: TOTAL | N16: =SUM(N14:N15) | O16: =SUM(O14:O15)
B18: BKK27 / BC2 | C18: 20'RE | D18: 40'RH | H18: LCH27 / HAST | I18: 20'RE | J18: 40'RH
B19: AV | C19: =COUNTIFS(StockRaw!$A$2:$A$140,"BKK27",StockRaw!$B$2:$B$140,"22RE",StockRaw!$C$2:$C$140,"IED")+COUNTIFS(StockRaw!$A$2:$A$140,"BKK27",StockRaw!$B$2:$B$140,"22RE",StockRaw!$C$2:$C$140,"IEP")+COUNTIFS(StockRaw!$A$2:$A$140,"BKK27",StockRaw!$B$2:$B$140,"22RE",StockRaw!$C$2:$C$140,"IER") | D19: =COUNTIFS(StockRaw!$A$2:$A$140,"BKK27",StockRaw!$B$2:$B$140,"45RE",StockRaw!$C$2:$C$140,"IED")+COUNTIFS(StockRaw!$A$2:$A$140,"BKK27",StockRaw!$B$2:$B$140,"45RE",StockRaw!$C$2:$C$140,"IEP")+COUNTIFS(StockRaw!$A$2:$A$140,"BKK27",StockRaw!$B$2:$B$140,"45RE",StockRaw!$C$2:$C$140,"IER") | H19: AV | I19: =COUNTIFS(StockRaw!$A$2:$A$140,"LCH27",StockRaw!$B$2:$B$140,"22RE",StockRaw!$C$2:$C$140,"IED")+COUNTIFS(StockRaw!$A$2:$A$140,"LCH27",StockRaw!$B$2:$B$140,"22RE",StockRaw!$C$2:$C$140,"IEP")+COUNTIFS(StockRaw!$A$2:$A$140,"LCH27",StockRaw!$B$2:$B$140,"22RE",StockRaw!$C$2:$C$140,"IER") | J19: =COUNTIFS(StockRaw!$A$2:$A$140,"LCH27",StockRaw!$B$2:$B$140,"45RE",StockRaw!$C$2:$C$140,"IED")+COUNTIFS(StockRaw!$A$2:$A$140,"LCH27",StockRaw!$B$2:$B$140,"45RE",StockRaw!$C$2:$C$140,"IEP")+COUNTIFS(StockRaw!$A$2:$A$140,"LCH27",StockRaw!$B$2:$B$140,"45RE",StockRaw!$C$2:$C$140,"IER")
B20: DMG | C20: =COUNTIFS(StockRaw!$A$2:$A$140,"BKK27",StockRaw!$B$2:$B$140,"22RE",StockRaw!$C$2:$C$140,"OER") | D20: =COUNTIFS(StockRaw!$A$2:$A$140,"BKK27",StockRaw!$B$2:$B$140,"45RE",StockRaw!$C$2:$C$140,"OER") | H20: DMG | I20: =COUNTIFS(StockRaw!$A$2:$A$140,"LCH27",StockRaw!$B$2:$B$140,"22RE",StockRaw!$C$2:$C$140,"OER") | J20: =COUNTIFS(StockRaw!$A$2:$A$140,"LCH27",StockRaw!$B$2:$B$140,"45RE",StockRaw!$C$2:$C$140,"OER")
B23: BKK / BC2 (BKK27) | H23: LCH / HAST (LCH27)
B24: YEAR BUILT 5 YEARS FOR DURIAN SEASON | C24: CARRIER | D24: DAIKIN | E24: THERMO KING | H24: YEAR BUILT 5 YEARS FOR DURIAN SEASON | I24: CARRIER | J24: DAIKIN | K24: THERMO KING
C25: 45RE | D25: 45RE | E25: 45RE | I25: 45RE | J25: 45RE | K25: 45RE
B26: 2026 | C26: 0 | D26: 0 | E26: 0 | H26: 2026 | I26: 0 | J26: 0 | K26: 0
B27: 2025 | C27: 5 | D27: 0 | E27: 1 | H27: 2025 | I27: 12 | J27: 0 | K27: 0
B28: 2024 | C28: 0 | D28: 0 | E28: 0 | H28: 2024 | I28: 0 | J28: 0 | K28: 0
B29: 2023 | C29: 1 | D29: 0 | E29: 0 | H29: 2023 | I29: 0 | J29: 0 | K29: 0
B30: 2022 | C30: 0 | D30: 0 | E30: 0 | H30: 2022 | I30: 0 | J30: 0 | K30: 0
B31: 2021 | C31: 4 | D31: 0 | E31: 0 | H31: 2021 | I31: 8 | J31: 0 | K31: 0
B32: TOTAL | C32: 10 | D32: 0 | E32: 1 | H32: TOTAL | I32: 20 | J32: 0 | K32: 0
D33: OVER 5 Y | E33: 23 | J33: OVER 5 Y | K33: 36

Sheet YEAR BUILT
B1: CARGO CLASSIFICATION (40'RH stock by Built Year, per depot)
B3: BKK27 DURIAN (2021-2026) | F3: BKK27 NON DURIAN (≤ 2020) | J3: LCH27 DURIAN (2021-2026) | N3: LCH27 NON DURIAN (≤ 2020)
B4: =SUM(D11:D16)+SUM(F11:F16)+SUM(H11:H16) | F4: =SUM(D17:D27)+SUM(F17:F27)+SUM(H17:H27) | J4: =SUM(L11:L16)+SUM(N11:N16)+SUM(P11:P16) | N4: =SUM(L17:L27)+SUM(N17:N27)+SUM(P17:P27)
B5: 40'RH stock | F5: 40'RH stock | J5: 40'RH stock | N5: 40'RH stock
B8: BKK27 / BC2 — Stock by Built Year x Brand x Size | J8: LCH27 / HAST — Stock by Built Year x Brand x Size
B9: YEAR BUILT | C9: CARRIER | E9: DAIKIN | G9: THERMO KING | J9: YEAR BUILT | K9: CARRIER | M9: DAIKIN | O9: THERMO KING
C10: 20'RE | D10: 40'RH | E10: 20'RE | F10: 40'RH | G10: 20'RE | H10: 40'RH | K10: 20'RE | L10: 40'RH | M10: 20'RE | N10: 40'RH | O10: 20'RE | P10: 40'RH
B11: 2026 | J11: 2026
B12: 2025 | D12: 5 | E12: 3 | H12: 1 | J12: 2025 | L12: 12
B13: 2024 | J13: 2024
B14: 2023 | D14: 1 | J14: 2023
B15: 2022 | J15: 2022
B16: 2021 | C16: 7 | D16: 4 | J16: 2021 | K16: 5 | L16: 8
B17: 2020 | C17: 2 | D17: 4 | H17: 1 | J17: 2020 | L17: 9
B18: 2019 | C18: 3 | D18: 5 | J18: 2019 | K18: 1 | L18: 10
B19: 2018 | C19: 1 | D19: 1 | J19: 2018 | L19: 1
B20: 2017 | C20: 3 | J20: 2017 | K20: 1
B21: 2016 | C21: 2 | D21: 1 | E21: 2 | J21: 2016 | K21: 1
B22: 2015 | D22: 3 | E22: 2 | J22: 2015
B23: 2014 | C23: 2 | J23: 2014 | L23: 5
B24: 2013 | C24: 1 | D24: 1 | E24: 6 | F24: 2 | G24: 2 | H24: 1 | J24: 2013 | M24: 3 | N24: 3
B25: 2012 | C25: 1 | J25: 2012 | L25: 3 | M25: 1
B26: 2011 | F26: 4 | J26: 2011 | N26: 4
B27: 2010 | J27: 2010 | L27: 1
B28: GTTL | C28: 22 | D28: 25 | E28: 13 | F28: 6 | G28: 2 | H28: 3 | J28: GTTL | K28: 8 | L28: 49 | M28: 4 | N28: 7

Sheet Dashboard
B1: ='TOTAL RH'!A1
B4: SHORTFALL ALERT | F4: COMBINED 40'RH STOCK | J4: COMBINED 40'RH BOOKING
B5: =MIN('TOTAL RH'!D15,'TOTAL RH'!J15) | F5: ='TOTAL RH'!O6 | J5: ='TOTAL RH'!O11
B6: ="BKK27/LCH27 40'RH, worse "&'TOTAL RH'!B15 | F6: BKK27 + LCH27 | J6: pending + all weeks
B8: DETAIL BY DEPOT
B9: ='TOTAL RH'!B3 | H9: ='TOTAL RH'!H3
C10: 20'RE | D10: 40'RH | I10: 20'RE | J10: 40'RH
B11: ='TOTAL RH'!B5 | C11: ='TOTAL RH'!C5 | D11: ='TOTAL RH'!D5 | H11: ='TOTAL RH'!H5 | I11: ='TOTAL RH'!I5 | J11: ='TOTAL RH'!J5
B12: ='TOTAL RH'!B6 | C12: ='TOTAL RH'!C6 | D12: ='TOTAL RH'!D6 | H12: ='TOTAL RH'!H6 | I12: ='TOTAL RH'!I6 | J12: ='TOTAL RH'!J6
B13: ='TOTAL RH'!B7 | C13: ='TOTAL RH'!C7 | D13: ='TOTAL RH'!D7 | H13: ='TOTAL RH'!H7 | I13: ='TOTAL RH'!I7 | J13: ='TOTAL RH'!J7
B14: ='TOTAL RH'!B8 | C14: ='TOTAL RH'!C8 | D14: ='TOTAL RH'!D8 | H14: ='TOTAL RH'!H8 | I14: ='TOTAL RH'!I8 | J14: ='TOTAL RH'!J8
B15: ='TOTAL RH'!B9 | C15: ='TOTAL RH'!C9 | D15: ='TOTAL RH'!D9 | H15: ='TOTAL RH'!H9 | I15: ='TOTAL RH'!I9 | J15: ='TOTAL RH'!J9
B17: ='TOTAL RH'!B11 | C17: ='TOTAL RH'!C11 | D17: ='TOTAL RH'!D11 | H17: ='TOTAL RH'!H11 | I17: ='TOTAL RH'!I11 | J17: ='TOTAL RH'!J11
B18: ='TOTAL RH'!B12 | C18: ='TOTAL RH'!C12 | D18: ='TOTAL RH'!D12 | H18: ='TOTAL RH'!H12 | I18: ='TOTAL RH'!I12 | J18: ='TOTAL RH'!J12
B20: ='TOTAL RH'!B14 | C20: ='TOTAL RH'!C14 | D20: ='TOTAL RH'!D14 | H20: ='TOTAL RH'!H14 | I20: ='TOTAL RH'!I14 | J20: ='TOTAL RH'!J14
B21: ='TOTAL RH'!B15 | C21: ='TOTAL RH'!C15 | D21: ='TOTAL RH'!D15 | H21: ='TOTAL RH'!H15 | I21: ='TOTAL RH'!I15 | J21: ='TOTAL RH'!J15
B24: REMARKS (AV = move code IED/IEP/IER, DMG = move code OER)
B25: ='TOTAL RH'!B3 | H25: ='TOTAL RH'!H3
C26: 20'RE | D26: 40'RH | I26: 20'RE | J26: 40'RH
B27: AV | C27: ='TOTAL RH'!C19 | D27: ='TOTAL RH'!D19 | H27: AV | I27: ='TOTAL RH'!I19 | J27: ='TOTAL RH'!J19
B28: DMG | C28: ='TOTAL RH'!C20 | D28: ='TOTAL RH'!D20 | H28: DMG | I28: ='TOTAL RH'!I20 | J28: ='TOTAL RH'!J20
B31: RF SEASONAL — build year
B32: BKK27 2020-26 BUILT | F32: LCH27 2020-26 BUILT | J32: PEAK BUILD YEAR
B33: =SUM('YEAR BUILT'!D11:D17)+SUM('YEAR BUILT'!F11:F17)+SUM('YEAR BUILT'!H11:H17) | F33: =SUM('YEAR BUILT'!L11:L17)+SUM('YEAR BUILT'!N11:N17)+SUM('YEAR BUILT'!P11:P17) | J33: ="2025"
B34: of 40'RH on hand | F34: of 40'RH on hand | J34: 18 units across both depots
B36: BKK27 DURIAN (2021-2026) | F36: BKK27 NON DURIAN (≤ 2020) | J36: LCH27 DURIAN (2021-2026) | N36: LCH27 NON DURIAN (≤ 2020)
B37: ='YEAR BUILT'!B4 | F37: ='YEAR BUILT'!F4 | J37: ='YEAR BUILT'!J4 | N37: ='YEAR BUILT'!N4
B38: 40'RH stock | F38: 40'RH stock | J38: 40'RH stock | N38: 40'RH stock
B40: BKK27 current mix | H40: LCH27 current mix
C41: 22RE | D41: 45RE | I41: 22RE | J41: 45RE
B42: CARRIER | C42: ='YEAR BUILT'!C28 | D42: ='YEAR BUILT'!D28 | H42: CARRIER | I42: ='YEAR BUILT'!K28 | J42: ='YEAR BUILT'!L28
B43: DAIKIN | C43: ='YEAR BUILT'!E28 | D43: ='YEAR BUILT'!F28 | H43: DAIKIN | I43: ='YEAR BUILT'!M28 | J43: ='YEAR BUILT'!N28
B44: THERMO KING | C44: ='YEAR BUILT'!G28 | D44: ='YEAR BUILT'!H28 | H44: THERMO KING | I44: ='YEAR BUILT'!O28 | J44: ='YEAR BUILT'!P28
B46: Full 2010-2026 Year x Brand x Size breakdown is on the YEAR BUILT sheet.
