Workbook

Sheet Control
A1: Report date | B1: =TODAY()
A3: WK# | B3: Monday | C3: Saturday
A4: =WEEKNUM(B4,21) | B4: =$B$1-(WEEKDAY($B$1,2)-1) | C4: =B4+5
A5: =WEEKNUM(B5,21) | B5: =B4+7 | C5: =B5+5
A6: =WEEKNUM(B6,21) | B6: =B5+7 | C6: =B6+5
A7: =WEEKNUM(B7,21) | B7: =B6+7 | C7: =B7+5
A9: Tomorrow | B9: =B1+1

Sheet BookingRaw
A1: Location | B1: Pickup Date | C1: 20'GP | D1: 40'GP | E1: 40'HC | F1: 20'RE | G1: 40'RH | H1: 20'OT | I1: 40'OT | J1: 20'FR | K1: 40'FR
A2: LCH27 | B2: 46275 | C2: 0 | D2: 0 | E2: 0 | F2: 1 | G2: 0 | H2: 0 | I2: 0 | J2: 0 | K2: 0
A3: BKK27 | B3: 46279 | C3: 0 | D3: 0 | E3: 0 | F3: 1 | G3: 0 | H3: 0 | I3: 0 | J3: 0 | K3: 0
A4: BKK27 | B4: 46279 | C4: 0 | D4: 0 | E4: 0 | F4: 1 | G4: 0 | H4: 0 | I4: 0 | J4: 0 | K4: 0
A5: BKK27 | B5: 46279 | C5: 0 | D5: 0 | E5: 0 | F5: 1 | G5: 0 | H5: 0 | I5: 0 | J5: 0 | K5: 0
A6: BKK27 | B6: 46279 | C6: 0 | D6: 0 | E6: 0 | F6: 1 | G6: 0 | H6: 0 | I6: 0 | J6: 0 | K6: 0
A7: BKK27 | B7: 46280 | C7: 0 | D7: 0 | E7: 0 | F7: 1 | G7: 0 | H7: 0 | I7: 0 | J7: 0 | K7: 0
A8: BKK27 | B8: 46280 | C8: 0 | D8: 0 | E8: 0 | F8: 1 | G8: 0 | H8: 0 | I8: 0 | J8: 0 | K8: 0
A9: BKK27 | B9: 46281 | C9: 0 | D9: 0 | E9: 0 | F9: 1 | G9: 0 | H9: 0 | I9: 0 | J9: 0 | K9: 0
A10: BKK27 | B10: 46281 | C10: 0 | D10: 0 | E10: 0 | F10: 1 | G10: 0 | H10: 0 | I10: 0 | J10: 0 | K10: 0
A11: BKK27 | B11: 46283 | C11: 0 | D11: 0 | E11: 0 | F11: 1 | G11: 0 | H11: 0 | I11: 0 | J11: 0 | K11: 0
A12: BKK27 | B12: 46283 | C12: 0 | D12: 0 | E12: 0 | F12: 1 | G12: 0 | H12: 0 | I12: 0 | J12: 0 | K12: 0
A13: BKK27 | B13: 46283 | C13: 0 | D13: 0 | E13: 0 | F13: 1 | G13: 0 | H13: 0 | I13: 0 | J13: 0 | K13: 0
... A103: BKK27 | B103: 46279 | C103: 0 | D103: 0 | E103: 0 | F103: 0 | G103: 6 | H103: 0 | I103: 0 | J103: 0 | K103: 0

Sheet Summary
A1: ="Stock vs Booking Report - Reefer (20'RE / 40'RH) as of "&DAY(Control!$B$1)&" "&CHOOSE(MONTH(Control!$B$1),"JAN","FEB","MAR","APR","MAY","JUN","JUL","AUG","SEP","OCT","NOV","DEC")&" "&YEAR(Control!$B$1)
A3: WK | B3: BKK27 | C3: 20'RE | D3: 40'RH | F3: WK | G3: LCH27 | H3: 20'RE | I3: 40'RH
B4: Stock empty in yard | C4: 29 | D4: 35 | G4: Stock empty in yard | H4: 7 | I4: 66
A5: =Control!$A$4 | B5: Booking Pending pick up | C5: =SUMIFS(BookingRaw!$F$2:$F$400,BookingRaw!$A$2:$A$400,"BKK27",BookingRaw!$B$2:$B$400,"<"&Control!$B$1) | D5: =SUMIFS(BookingRaw!$G$2:$G$400,BookingRaw!$A$2:$A$400,"BKK27",BookingRaw!$B$2:$B$400,"<"&Control!$B$1) | F5: =Control!$A$4 | G5: Booking Pending pick up | H5: =SUMIFS(BookingRaw!$F$2:$F$400,BookingRaw!$A$2:$A$400,"LCH27",BookingRaw!$B$2:$B$400,"<"&Control!$B$1) | I5: =SUMIFS(BookingRaw!$G$2:$G$400,BookingRaw!$A$2:$A$400,"LCH27",BookingRaw!$B$2:$B$400,"<"&Control!$B$1)
A6: =Control!$A$4 | B6: ="Booking on "&DAY(Control!$B$1)&" "&CHOOSE(MONTH(Control!$B$1),"JAN","FEB","MAR","APR","MAY","JUN","JUL","AUG","SEP","OCT","NOV","DEC") | C6: =SUMIFS(BookingRaw!$F$2:$F$400,BookingRaw!$A$2:$A$400,"BKK27",BookingRaw!$B$2:$B$400,"="&Control!$B$1) | D6: =SUMIFS(BookingRaw!$G$2:$G$400,BookingRaw!$A$2:$A$400,"BKK27",BookingRaw!$B$2:$B$400,"="&Control!$B$1) | F6: =Control!$A$4 | G6: ="Booking on "&DAY(Control!$B$1)&" "&CHOOSE(MONTH(Control!$B$1),"JAN","FEB","MAR","APR","MAY","JUN","JUL","AUG","SEP","OCT","NOV","DEC") | H6: =SUMIFS(BookingRaw!$F$2:$F$400,BookingRaw!$A$2:$A$400,"LCH27",BookingRaw!$B$2:$B$400,"="&Control!$B$1) | I6: =SUMIFS(BookingRaw!$G$2:$G$400,BookingRaw!$A$2:$A$400,"LCH27",BookingRaw!$B$2:$B$400,"="&Control!$B$1)
A7: =Control!$A$4 | B7: ="Booking on "&IF(Control!$B$9=Control!$C$4,DAY(Control!$B$9)&" "&CHOOSE(MONTH(Control!$B$9),"JAN","FEB","MAR","APR","MAY","JUN","JUL","AUG","SEP","OCT","NOV","DEC"),IF(MONTH(Control!$B$9)=MONTH(Control!$C$4),DAY(Control!$B$9)&"-"&DAY(Control!$C$4)&" "&CHOOSE(MONTH(Control!$C$4),"JAN","FEB","MAR","APR","MAY","JUN","JUL","AUG","SEP","OCT","NOV","DEC"),DAY(Control!$B$9)&" "&CHOOSE(MONTH(Control!$B$9),"JAN","FEB","MAR","APR","MAY","JUN","JUL","AUG","SEP","OCT","NOV","DEC")&"-"&DAY(Control!$C$4)&" "&CHOOSE(MONTH(Control!$C$4),"JAN","FEB","MAR","APR","MAY","JUN","JUL","AUG","SEP","OCT","NOV","DEC"))) | C7: =SUMIFS(BookingRaw!$F$2:$F$400,BookingRaw!$A$2:$A$400,"BKK27",BookingRaw!$B$2:$B$400,">="&Control!$B$9,BookingRaw!$B$2:$B$400,"<="&Control!$C$4) | D7: =SUMIFS(BookingRaw!$G$2:$G$400,BookingRaw!$A$2:$A$400,"BKK27",BookingRaw!$B$2:$B$400,">="&Control!$B$9,BookingRaw!$B$2:$B$400,"<="&Control!$C$4) | F7: =Control!$A$4 | G7: ="Booking on "&IF(Control!$B$9=Control!$C$4,DAY(Control!$B$9)&" "&CHOOSE(MONTH(Control!$B$9),"JAN","FEB","MAR","APR","MAY","JUN","JUL","AUG","SEP","OCT","NOV","DEC"),IF(MONTH(Control!$B$9)=MONTH(Control!$C$4),DAY(Control!$B$9)&"-"&DAY(Control!$C$4)&" "&CHOOSE(MONTH(Control!$C$4),"JAN","FEB","MAR","APR","MAY","JUN","JUL","AUG","SEP","OCT","NOV","DEC"),DAY(Control!$B$9)&" "&CHOOSE(MONTH(Control!$B$9),"JAN","FEB","MAR","APR","MAY","JUN","JUL","AUG","SEP","OCT","NOV","DEC")&"-"&DAY(Control!$C$4)&" "&CHOOSE(MONTH(Control!$C$4),"JAN","FEB","MAR","APR","MAY","JUN","JUL","AUG","SEP","OCT","NOV","DEC"))) | H7: =SUMIFS(BookingRaw!$F$2:$F$400,BookingRaw!$A$2:$A$400,"LCH27",BookingRaw!$B$2:$B$400,">="&Control!$B$9,BookingRaw!$B$2:$B$400,"<="&Control!$C$4) | I7: =SUMIFS(BookingRaw!$G$2:$G$400,BookingRaw!$A$2:$A$400,"LCH27",BookingRaw!$B$2:$B$400,">="&Control!$B$9,BookingRaw!$B$2:$B$400,"<="&Control!$C$4)
B8: ="AV Balance till "&DAY(Control!$C$4)&" "&CHOOSE(MONTH(Control!$C$4),"JAN","FEB","MAR","APR","MAY","JUN","JUL","AUG","SEP","OCT","NOV","DEC") | C8: =C4-C5-C6-C7 | D8: =D4-D5-D6-D7 | G8: ="AV Balance till "&DAY(Control!$C$4)&" "&CHOOSE(MONTH(Control!$C$4),"JAN","FEB","MAR","APR","MAY","JUN","JUL","AUG","SEP","OCT","NOV","DEC") | H8: =H4-H5-H6-H7 | I8: =I4-I5-I6-I7
A9: =Control!$A$5 | B9: ="Booking on "&IF(Control!$B5=Control!$C5,DAY(Control!$B5)&" "&CHOOSE(MONTH(Control!$B5),"JAN","FEB","MAR","APR","MAY","JUN","JUL","AUG","SEP","OCT","NOV","DEC"),IF(MONTH(Control!$B5)=MONTH(Control!$C5),DAY(Control!$B5)&"-"&DAY(Control!$C5)&" "&CHOOSE(MONTH(Control!$C5),"JAN","FEB","MAR","APR","MAY","JUN","JUL","AUG","SEP","OCT","NOV","DEC"),DAY(Control!$B5)&" "&CHOOSE(MONTH(Control!$B5),"JAN","FEB","MAR","APR","MAY","JUN","JUL","AUG","SEP","OCT","NOV","DEC")&"-"&DAY(Control!$C5)&" "&CHOOSE(MONTH(Control!$C5),"JAN","FEB","MAR","APR","MAY","JUN","JUL","AUG","SEP","OCT","NOV","DEC"))) | C9: =SUMIFS(BookingRaw!$F$2:$F$400,BookingRaw!$A$2:$A$400,"BKK27",BookingRaw!$B$2:$B$400,">="&Control!$B5,BookingRaw!$B$2:$B$400,"<="&Control!$C5) | D9: =SUMIFS(BookingRaw!$G$2:$G$400,BookingRaw!$A$2:$A$400,"BKK27",BookingRaw!$B$2:$B$400,">="&Control!$B5,BookingRaw!$B$2:$B$400,"<="&Control!$C5) | F9: =Control!$A$5 | G9: ="Booking on "&IF(Control!$B5=Control!$C5,DAY(Control!$B5)&" "&CHOOSE(MONTH(Control!$B5),"JAN","FEB","MAR","APR","MAY","JUN","JUL","AUG","SEP","OCT","NOV","DEC"),IF(MONTH(Control!$B5)=MONTH(Control!$C5),DAY(Control!$B5)&"-"&DAY(Control!$C5)&" "&CHOOSE(MONTH(Control!$C5),"JAN","FEB","MAR","APR","MAY","JUN","JUL","AUG","SEP","OCT","NOV","DEC"),DAY(Control!$B5)&" "&CHOOSE(MONTH(Control!$B5),"JAN","FEB","MAR","APR","MAY","JUN","JUL","AUG","SEP","OCT","NOV","DEC")&"-"&DAY(Control!$C5)&" "&CHOOSE(MONTH(Control!$C5),"JAN","FEB","MAR","APR","MAY","JUN","JUL","AUG","SEP","OCT","NOV","DEC"))) | H9: =SUMIFS(BookingRaw!$F$2:$F$400,BookingRaw!$A$2:$A$400,"LCH27",BookingRaw!$B$2:$B$400,">="&Control!$B5,BookingRaw!$B$2:$B$400,"<="&Control!$C5) | I9: =SUMIFS(BookingRaw!$G$2:$G$400,BookingRaw!$A$2:$A$400,"LCH27",BookingRaw!$B$2:$B$400,">="&Control!$B5,BookingRaw!$B$2:$B$400,"<="&Control!$C5)
B10: ="AV Balance till "&DAY(Control!$C5)&" "&CHOOSE(MONTH(Control!$C5),"JAN","FEB","MAR","APR","MAY","JUN","JUL","AUG","SEP","OCT","NOV","DEC") | C10: =C8-C9 | D10: =D8-D9 | G10: ="AV Balance till "&DAY(Control!$C5)&" "&CHOOSE(MONTH(Control!$C5),"JAN","FEB","MAR","APR","MAY","JUN","JUL","AUG","SEP","OCT","NOV","DEC") | H10: =H8-H9 | I10: =I8-I9
A11: =Control!$A$6 | B11: ="Booking on "&IF(Control!$B6=Control!$C6,DAY(Control!$B6)&" "&CHOOSE(MONTH(Control!$B6),"JAN","FEB","MAR","APR","MAY","JUN","JUL","AUG","SEP","OCT","NOV","DEC"),IF(MONTH(Control!$B6)=MONTH(Control!$C6),DAY(Control!$B6)&"-"&DAY(Control!$C6)&" "&CHOOSE(MONTH(Control!$C6),"JAN","FEB","MAR","APR","MAY","JUN","JUL","AUG","SEP","OCT","NOV","DEC"),DAY(Control!$B6)&" "&CHOOSE(MONTH(Control!$B6),"JAN","FEB","MAR","APR","MAY","JUN","JUL","AUG","SEP","OCT","NOV","DEC")&"-"&DAY(Control!$C6)&" "&CHOOSE(MONTH(Control!$C6),"JAN","FEB","MAR","APR","MAY","JUN","JUL","AUG","SEP","OCT","NOV","DEC"))) | C11: =SUMIFS(BookingRaw!$F$2:$F$400,BookingRaw!$A$2:$A$400,"BKK27",BookingRaw!$B$2:$B$400,">="&Control!$B6,BookingRaw!$B$2:$B$400,"<="&Control!$C6) | D11: =SUMIFS(BookingRaw!$G$2:$G$400,BookingRaw!$A$2:$A$400,"BKK27",BookingRaw!$B$2:$B$400,">="&Control!$B6,BookingRaw!$B$2:$B$400,"<="&Control!$C6) | F11: =Control!$A$6 | G11: ="Booking on "&IF(Control!$B6=Control!$C6,DAY(Control!$B6)&" "&CHOOSE(MONTH(Control!$B6),"JAN","FEB","MAR","APR","MAY","JUN","JUL","AUG","SEP","OCT","NOV","DEC"),IF(MONTH(Control!$B6)=MONTH(Control!$C6),DAY(Control!$B6)&"-"&DAY(Control!$C6)&" "&CHOOSE(MONTH(Control!$C6),"JAN","FEB","MAR","APR","MAY","JUN","JUL","AUG","SEP","OCT","NOV","DEC"),DAY(Control!$B6)&" "&CHOOSE(MONTH(Control!$B6),"JAN","FEB","MAR","APR","MAY","JUN","JUL","AUG","SEP","OCT","NOV","DEC")&"-"&DAY(Control!$C6)&" "&CHOOSE(MONTH(Control!$C6),"JAN","FEB","MAR","APR","MAY","JUN","JUL","AUG","SEP","OCT","NOV","DEC"))) | H11: =SUMIFS(BookingRaw!$F$2:$F$400,BookingRaw!$A$2:$A$400,"LCH27",BookingRaw!$B$2:$B$400,">="&Control!$B6,BookingRaw!$B$2:$B$400,"<="&Control!$C6) | I11: =SUMIFS(BookingRaw!$G$2:$G$400,BookingRaw!$A$2:$A$400,"LCH27",BookingRaw!$B$2:$B$400,">="&Control!$B6,BookingRaw!$B$2:$B$400,"<="&Control!$C6)
B12: ="AV Balance till "&DAY(Control!$C6)&" "&CHOOSE(MONTH(Control!$C6),"JAN","FEB","MAR","APR","MAY","JUN","JUL","AUG","SEP","OCT","NOV","DEC") | C12: =C10-C11 | D12: =D10-D11 | G12: ="AV Balance till "&DAY(Control!$C6)&" "&CHOOSE(MONTH(Control!$C6),"JAN","FEB","MAR","APR","MAY","JUN","JUL","AUG","SEP","OCT","NOV","DEC") | H12: =H10-H11 | I12: =I10-I11
A13: =Control!$A$7 | B13: ="Booking on "&IF(Control!$B7=Control!$C7,DAY(Control!$B7)&" "&CHOOSE(MONTH(Control!$B7),"JAN","FEB","MAR","APR","MAY","JUN","JUL","AUG","SEP","OCT","NOV","DEC"),IF(MONTH(Control!$B7)=MONTH(Control!$C7),DAY(Control!$B7)&"-"&DAY(Control!$C7)&" "&CHOOSE(MONTH(Control!$C7),"JAN","FEB","MAR","APR","MAY","JUN","JUL","AUG","SEP","OCT","NOV","DEC"),DAY(Control!$B7)&" "&CHOOSE(MONTH(Control!$B7),"JAN","FEB","MAR","APR","MAY","JUN","JUL","AUG","SEP","OCT","NOV","DEC")&"-"&DAY(Control!$C7)&" "&CHOOSE(MONTH(Control!$C7),"JAN","FEB","MAR","APR","MAY","JUN","JUL","AUG","SEP","OCT","NOV","DEC"))) | C13: =SUMIFS(BookingRaw!$F$2:$F$400,BookingRaw!$A$2:$A$400,"BKK27",BookingRaw!$B$2:$B$400,">="&Control!$B7,BookingRaw!$B$2:$B$400,"<="&Control!$C7) | D13: =SUMIFS(BookingRaw!$G$2:$G$400,BookingRaw!$A$2:$A$400,"BKK27",BookingRaw!$B$2:$B$400,">="&Control!$B7,BookingRaw!$B$2:$B$400,"<="&Control!$C7) | F13: =Control!$A$7 | G13: ="Booking on "&IF(Control!$B7=Control!$C7,DAY(Control!$B7)&" "&CHOOSE(MONTH(Control!$B7),"JAN","FEB","MAR","APR","MAY","JUN","JUL","AUG","SEP","OCT","NOV","DEC"),IF(MONTH(Control!$B7)=MONTH(Control!$C7),DAY(Control!$B7)&"-"&DAY(Control!$C7)&" "&CHOOSE(MONTH(Control!$C7),"JAN","FEB","MAR","APR","MAY","JUN","JUL","AUG","SEP","OCT","NOV","DEC"),DAY(Control!$B7)&" "&CHOOSE(MONTH(Control!$B7),"JAN","FEB","MAR","APR","MAY","JUN","JUL","AUG","SEP","OCT","NOV","DEC")&"-"&DAY(Control!$C7)&" "&CHOOSE(MONTH(Control!$C7),"JAN","FEB","MAR","APR","MAY","JUN","JUL","AUG","SEP","OCT","NOV","DEC"))) | H13: =SUMIFS(BookingRaw!$F$2:$F$400,BookingRaw!$A$2:$A$400,"LCH27",BookingRaw!$B$2:$B$400,">="&Control!$B7,BookingRaw!$B$2:$B$400,"<="&Control!$C7) | I13: =SUMIFS(BookingRaw!$G$2:$G$400,BookingRaw!$A$2:$A$400,"LCH27",BookingRaw!$B$2:$B$400,">="&Control!$B7,BookingRaw!$B$2:$B$400,"<="&Control!$C7)
B14: ="AV Balance till "&DAY(Control!$C7)&" "&CHOOSE(MONTH(Control!$C7),"JAN","FEB","MAR","APR","MAY","JUN","JUL","AUG","SEP","OCT","NOV","DEC") | C14: =C12-C13 | D14: =D12-D13 | G14: ="AV Balance till "&DAY(Control!$C7)&" "&CHOOSE(MONTH(Control!$C7),"JAN","FEB","MAR","APR","MAY","JUN","JUL","AUG","SEP","OCT","NOV","DEC") | H14: =H12-H13 | I14: =I12-I13
