Workbook

Sheet Control
A1: Report date | B1: 46304
A3: WK# | B3: Monday | C3: Saturday
A4: =WEEKNUM(B4,21) | B4: =$B$1-(WEEKDAY($B$1,2)-1) | C4: =B4+5
A5: =WEEKNUM(B5,21) | B5: =B4+7 | C5: =B5+5
A6: =WEEKNUM(B6,21) | B6: =B5+7 | C6: =B6+5
A7: =WEEKNUM(B7,21) | B7: =B6+7 | C7: =B7+5
A9: Tomorrow | B9: =B1+1

Sheet BookingRaw
A1: Location | B1: Pickup Date | C1: 20'RE | D1: 40'RH
A2: BKK27 | B2: 46309 | C2: 1 | D2: 0
A3: BKK27 | B3: 46311 | C3: 1 | D3: 0
A4: BKK27 | B4: 46304 | C4: 1 | D4: 0
A5: BKK27 | B5: 46319 | C5: 1 | D5: 0
A6: BKK27 | B6: 46311 | C6: 1 | D6: 0
A7: BKK27 | B7: 46317 | C7: 1 | D7: 0
A8: LCH27 | B8: 46314 | C8: 1 | D8: 0
A9: LCH27 | B9: 46312 | C9: 1 | D9: 0
A10: BKK27 | B10: 46305 | C10: 1 | D10: 0
A11: BKK27 | B11: 46317 | C11: 1 | D11: 0
A12: BKK27 | B12: 46319 | C12: 0 | D12: 1
A13: BKK27 | B13: 46315 | C13: 0 | D13: 1
... A148: LCH27 | B148: 46303 | C148: 0 | D148: 0

Sheet StockRaw
A1: Location | B1: Size/Type | C1: Move Code
A2: BKK27 | B2: 22RE | C2: IER
A3: BKK27 | B3: 22RE | C3: OER
A4: BKK27 | B4: 45RE | C4: IER
A5: LCH27 | B5: 45RE | C5: OER
A6: LCH27 | B6: 45RE | C6: IED
A7: BKK27 | B7: 45RE | C7: IED
A8: BKK27 | B8: 45RE | C8: OER
A9: BKK27 | B9: 45RE | C9: IED
A10: BKK27 | B10: 22RE | C10: IER
A11: BKK27 | B11: 22RE | C11: IER
A12: BKK27 | B12: 22RE | C12: IER
... A133: BKK27 | B133: 45RE | C133: OER

Sheet TOTAL RH
A1: ="Stock vs Booking Report - Reefer (20'RE / 40'RH) as of "&DAY(Control!$B$1)&" "&CHOOSE(MONTH(Control!$B$1),"JAN","FEB","MAR","APR","MAY","JUN","JUL","AUG","SEP","OCT","NOV","DEC")&" "&YEAR(Control!$B$1)
B3: BKK27 / BC2 | H3: LCH27 / HAST | M3: STOCK | N3: 22RE | O3: 45RE
A4: WK | C4: 20'RE | D4: 40'RH | G4: WK | I4: 20'RE | J4: 40'RH | M4: BC | N4: =C5 | O4: =D5
B5: Stock empty in yard | C5: 34 | D5: 38 | H5: Stock empty in yard | I5: 7 | J5: 53 | M5: HAST | N5: =I5 | O5: =J5
A6: =Control!$A$4 | B6: Booking Pending pick up | C6: =SUMIFS(BookingRaw!$C$2:$C$8000,BookingRaw!$A$2:$A$8000,"BKK27",BookingRaw!$B$2:$B$8000,"<"&Control!$B$1) | D6: =SUMIFS(BookingRaw!$D$2:$D$8000,BookingRaw!$A$2:$A$8000,"BKK27",BookingRaw!$B$2:$B$8000,"<"&Control!$B$1) | G6: =Control!$A$4 | H6: Booking Pending pick up | I6: =SUMIFS(BookingRaw!$C$2:$C$8000,BookingRaw!$A$2:$A$8000,"LCH27",BookingRaw!$B$2:$B$8000,"<"&Control!$B$1) | J6: =SUMIFS(BookingRaw!$D$2:$D$8000,BookingRaw!$A$2:$A$8000,"LCH27",BookingRaw!$B$2:$B$8000,"<"&Control!$B$1) | M6: TOTAL | N6: =SUM(N4:N5) | O6: =SUM(O4:O5)
A7: =Control!$A$4 | B7: ="Booking on "&IF(Control!$B$1=Control!$C$4,DAY(Control!$B$1)&" "&CHOOSE(MONTH(Control!$B$1),"JAN","FEB","MAR","APR","MAY","JUN","JUL","AUG","SEP","OCT","NOV","DEC"),IF(MONTH(Control!$B$1)=MONTH(Control!$C$4),DAY(Control!$B$1)&"-"&DAY(Control!$C$4)&" "&CHOOSE(MONTH(Control!$C$4),"JAN","FEB","MAR","APR","MAY","JUN","JUL","AUG","SEP","OCT","NOV","DEC"),DAY(Control!$B$1)&" "&CHOOSE(MONTH(Control!$B$1),"JAN","FEB","MAR","APR","MAY","JUN","JUL","AUG","SEP","OCT","NOV","DEC")&"-"&DAY(Control!$C$4)&" "&CHOOSE(MONTH(Control!$C$4),"JAN","FEB","MAR","APR","MAY","JUN","JUL","AUG","SEP","OCT","NOV","DEC"))) | C7: =SUMIFS(BookingRaw!$C$2:$C$8000,BookingRaw!$A$2:$A$8000,"BKK27",BookingRaw!$B$2:$B$8000,">="&Control!$B$1,BookingRaw!$B$2:$B$8000,"<="&Control!$C$4) | D7: =SUMIFS(BookingRaw!$D$2:$D$8000,BookingRaw!$A$2:$A$8000,"BKK27",BookingRaw!$B$2:$B$8000,">="&Control!$B$1,BookingRaw!$B$2:$B$8000,"<="&Control!$C$4) | G7: =Control!$A$4 | H7: ="Booking on "&IF(Control!$B$1=Control!$C$4,DAY(Control!$B$1)&" "&CHOOSE(MONTH(Control!$B$1),"JAN","FEB","MAR","APR","MAY","JUN","JUL","AUG","SEP","OCT","NOV","DEC"),IF(MONTH(Control!$B$1)=MONTH(Control!$C$4),DAY(Control!$B$1)&"-"&DAY(Control!$C$4)&" "&CHOOSE(MONTH(Control!$C$4),"JAN","FEB","MAR","APR","MAY","JUN","JUL","AUG","SEP","OCT","NOV","DEC"),DAY(Control!$B$1)&" "&CHOOSE(MONTH(Control!$B$1),"JAN","FEB","MAR","APR","MAY","JUN","JUL","AUG","SEP","OCT","NOV","DEC")&"-"&DAY(Control!$C$4)&" "&CHOOSE(MONTH(Control!$C$4),"JAN","FEB","MAR","APR","MAY","JUN","JUL","AUG","SEP","OCT","NOV","DEC"))) | I7: =SUMIFS(BookingRaw!$C$2:$C$8000,BookingRaw!$A$2:$A$8000,"LCH27",BookingRaw!$B$2:$B$8000,">="&Control!$B$1,BookingRaw!$B$2:$B$8000,"<="&Control!$C$4) | J7: =SUMIFS(BookingRaw!$D$2:$D$8000,BookingRaw!$A$2:$A$8000,"LCH27",BookingRaw!$B$2:$B$8000,">="&Control!$B$1,BookingRaw!$B$2:$B$8000,"<="&Control!$C$4)
B8: ="AV Balance till "&DAY(Control!$C$4)&" "&CHOOSE(MONTH(Control!$C$4),"JAN","FEB","MAR","APR","MAY","JUN","JUL","AUG","SEP","OCT","NOV","DEC") | C8: =C5-C6-C7 | D8: =D5-D6-D7 | H8: ="AV Balance till "&DAY(Control!$C$4)&" "&CHOOSE(MONTH(Control!$C$4),"JAN","FEB","MAR","APR","MAY","JUN","JUL","AUG","SEP","OCT","NOV","DEC") | I8: =I5-I6-I7 | J8: =J5-J6-J7 | M8: BOOKING | N8: 22RE | O8: 45RE
M9: BC | N9: =C6+C7+C10+C13+C16 | O9: =D6+D7+D10+D13+D16
A10: =Control!$A$5 | B10: ="Booking on "&IF(Control!$B5=Control!$C5,DAY(Control!$B5)&" "&CHOOSE(MONTH(Control!$B5),"JAN","FEB","MAR","APR","MAY","JUN","JUL","AUG","SEP","OCT","NOV","DEC"),IF(MONTH(Control!$B5)=MONTH(Control!$C5),DAY(Control!$B5)&"-"&DAY(Control!$C5)&" "&CHOOSE(MONTH(Control!$C5),"JAN","FEB","MAR","APR","MAY","JUN","JUL","AUG","SEP","OCT","NOV","DEC"),DAY(Control!$B5)&" "&CHOOSE(MONTH(Control!$B5),"JAN","FEB","MAR","APR","MAY","JUN","JUL","AUG","SEP","OCT","NOV","DEC")&"-"&DAY(Control!$C5)&" "&CHOOSE(MONTH(Control!$C5),"JAN","FEB","MAR","APR","MAY","JUN","JUL","AUG","SEP","OCT","NOV","DEC"))) | C10: =SUMIFS(BookingRaw!$C$2:$C$8000,BookingRaw!$A$2:$A$8000,"BKK27",BookingRaw!$B$2:$B$8000,">="&Control!$B5,BookingRaw!$B$2:$B$8000,"<="&Control!$C5) | D10: =SUMIFS(BookingRaw!$D$2:$D$8000,BookingRaw!$A$2:$A$8000,"BKK27",BookingRaw!$B$2:$B$8000,">="&Control!$B5,BookingRaw!$B$2:$B$8000,"<="&Control!$C5) | G10: =Control!$A$5 | H10: ="Booking on "&IF(Control!$B5=Control!$C5,DAY(Control!$B5)&" "&CHOOSE(MONTH(Control!$B5),"JAN","FEB","MAR","APR","MAY","JUN","JUL","AUG","SEP","OCT","NOV","DEC"),IF(MONTH(Control!$B5)=MONTH(Control!$C5),DAY(Control!$B5)&"-"&DAY(Control!$C5)&" "&CHOOSE(MONTH(Control!$C5),"JAN","FEB","MAR","APR","MAY","JUN","JUL","AUG","SEP","OCT","NOV","DEC"),DAY(Control!$B5)&" "&CHOOSE(MONTH(Control!$B5),"JAN","FEB","MAR","APR","MAY","JUN","JUL","AUG","SEP","OCT","NOV","DEC")&"-"&DAY(Control!$C5)&" "&CHOOSE(MONTH(Control!$C5),"JAN","FEB","MAR","APR","MAY","JUN","JUL","AUG","SEP","OCT","NOV","DEC"))) | I10: =SUMIFS(BookingRaw!$C$2:$C$8000,BookingRaw!$A$2:$A$8000,"LCH27",BookingRaw!$B$2:$B$8000,">="&Control!$B5,BookingRaw!$B$2:$B$8000,"<="&Control!$C5) | J10: =SUMIFS(BookingRaw!$D$2:$D$8000,BookingRaw!$A$2:$A$8000,"LCH27",BookingRaw!$B$2:$B$8000,">="&Control!$B5,BookingRaw!$B$2:$B$8000,"<="&Control!$C5) | M10: HAST | N10: =I6+I7+I10+I13+I16 | O10: =J6+J7+J10+J13+J16
B11: ="AV Balance till "&DAY(Control!$C5)&" "&CHOOSE(MONTH(Control!$C5),"JAN","FEB","MAR","APR","MAY","JUN","JUL","AUG","SEP","OCT","NOV","DEC") | C11: =C8-C10 | D11: =D8-D10 | H11: ="AV Balance till "&DAY(Control!$C5)&" "&CHOOSE(MONTH(Control!$C5),"JAN","FEB","MAR","APR","MAY","JUN","JUL","AUG","SEP","OCT","NOV","DEC") | I11: =I8-I10 | J11: =J8-J10 | M11: TOTAL | N11: =SUM(N9:N10) | O11: =SUM(O9:O10)
A13: =Control!$A$6 | B13: ="Booking on "&IF(Control!$B6=Control!$C6,DAY(Control!$B6)&" "&CHOOSE(MONTH(Control!$B6),"JAN","FEB","MAR","APR","MAY","JUN","JUL","AUG","SEP","OCT","NOV","DEC"),IF(MONTH(Control!$B6)=MONTH(Control!$C6),DAY(Control!$B6)&"-"&DAY(Control!$C6)&" "&CHOOSE(MONTH(Control!$C6),"JAN","FEB","MAR","APR","MAY","JUN","JUL","AUG","SEP","OCT","NOV","DEC"),DAY(Control!$B6)&" "&CHOOSE(MONTH(Control!$B6),"JAN","FEB","MAR","APR","MAY","JUN","JUL","AUG","SEP","OCT","NOV","DEC")&"-"&DAY(Control!$C6)&" "&CHOOSE(MONTH(Control!$C6),"JAN","FEB","MAR","APR","MAY","JUN","JUL","AUG","SEP","OCT","NOV","DEC"))) | C13: =SUMIFS(BookingRaw!$C$2:$C$8000,BookingRaw!$A$2:$A$8000,"BKK27",BookingRaw!$B$2:$B$8000,">="&Control!$B6,BookingRaw!$B$2:$B$8000,"<="&Control!$C6) | D13: =SUMIFS(BookingRaw!$D$2:$D$8000,BookingRaw!$A$2:$A$8000,"BKK27",BookingRaw!$B$2:$B$8000,">="&Control!$B6,BookingRaw!$B$2:$B$8000,"<="&Control!$C6) | G13: =Control!$A$6 | H13: ="Booking on "&IF(Control!$B6=Control!$C6,DAY(Control!$B6)&" "&CHOOSE(MONTH(Control!$B6),"JAN","FEB","MAR","APR","MAY","JUN","JUL","AUG","SEP","OCT","NOV","DEC"),IF(MONTH(Control!$B6)=MONTH(Control!$C6),DAY(Control!$B6)&"-"&DAY(Control!$C6)&" "&CHOOSE(MONTH(Control!$C6),"JAN","FEB","MAR","APR","MAY","JUN","JUL","AUG","SEP","OCT","NOV","DEC"),DAY(Control!$B6)&" "&CHOOSE(MONTH(Control!$B6),"JAN","FEB","MAR","APR","MAY","JUN","JUL","AUG","SEP","OCT","NOV","DEC")&"-"&DAY(Control!$C6)&" "&CHOOSE(MONTH(Control!$C6),"JAN","FEB","MAR","APR","MAY","JUN","JUL","AUG","SEP","OCT","NOV","DEC"))) | I13: =SUMIFS(BookingRaw!$C$2:$C$8000,BookingRaw!$A$2:$A$8000,"LCH27",BookingRaw!$B$2:$B$8000,">="&Control!$B6,BookingRaw!$B$2:$B$8000,"<="&Control!$C6) | J13: =SUMIFS(BookingRaw!$D$2:$D$8000,BookingRaw!$A$2:$A$8000,"LCH27",BookingRaw!$B$2:$B$8000,">="&Control!$B6,BookingRaw!$B$2:$B$8000,"<="&Control!$C6) | M13: BALANCE | N13: 22RE | O13: 45RE
B14: ="AV Balance till "&DAY(Control!$C6)&" "&CHOOSE(MONTH(Control!$C6),"JAN","FEB","MAR","APR","MAY","JUN","JUL","AUG","SEP","OCT","NOV","DEC") | C14: =C11-C13 | D14: =D11-D13 | H14: ="AV Balance till "&DAY(Control!$C6)&" "&CHOOSE(MONTH(Control!$C6),"JAN","FEB","MAR","APR","MAY","JUN","JUL","AUG","SEP","OCT","NOV","DEC") | I14: =I11-I13 | J14: =J11-J13 | M14: BC | N14: =C17 | O14: =D17
M15: HAST | N15: =I17 | O15: =J17
A16: =Control!$A$7 | B16: ="Booking on "&IF(Control!$B7=Control!$C7,DAY(Control!$B7)&" "&CHOOSE(MONTH(Control!$B7),"JAN","FEB","MAR","APR","MAY","JUN","JUL","AUG","SEP","OCT","NOV","DEC"),IF(MONTH(Control!$B7)=MONTH(Control!$C7),DAY(Control!$B7)&"-"&DAY(Control!$C7)&" "&CHOOSE(MONTH(Control!$C7),"JAN","FEB","MAR","APR","MAY","JUN","JUL","AUG","SEP","OCT","NOV","DEC"),DAY(Control!$B7)&" "&CHOOSE(MONTH(Control!$B7),"JAN","FEB","MAR","APR","MAY","JUN","JUL","AUG","SEP","OCT","NOV","DEC")&"-"&DAY(Control!$C7)&" "&CHOOSE(MONTH(Control!$C7),"JAN","FEB","MAR","APR","MAY","JUN","JUL","AUG","SEP","OCT","NOV","DEC"))) | C16: =SUMIFS(BookingRaw!$C$2:$C$8000,BookingRaw!$A$2:$A$8000,"BKK27",BookingRaw!$B$2:$B$8000,">="&Control!$B7,BookingRaw!$B$2:$B$8000,"<="&Control!$C7) | D16: =SUMIFS(BookingRaw!$D$2:$D$8000,BookingRaw!$A$2:$A$8000,"BKK27",BookingRaw!$B$2:$B$8000,">="&Control!$B7,BookingRaw!$B$2:$B$8000,"<="&Control!$C7) | G16: =Control!$A$7 | H16: ="Booking on "&IF(Control!$B7=Control!$C7,DAY(Control!$B7)&" "&CHOOSE(MONTH(Control!$B7),"JAN","FEB","MAR","APR","MAY","JUN","JUL","AUG","SEP","OCT","NOV","DEC"),IF(MONTH(Control!$B7)=MONTH(Control!$C7),DAY(Control!$B7)&"-"&DAY(Control!$C7)&" "&CHOOSE(MONTH(Control!$C7),"JAN","FEB","MAR","APR","MAY","JUN","JUL","AUG","SEP","OCT","NOV","DEC"),DAY(Control!$B7)&" "&CHOOSE(MONTH(Control!$B7),"JAN","FEB","MAR","APR","MAY","JUN","JUL","AUG","SEP","OCT","NOV","DEC")&"-"&DAY(Control!$C7)&" "&CHOOSE(MONTH(Control!$C7),"JAN","FEB","MAR","APR","MAY","JUN","JUL","AUG","SEP","OCT","NOV","DEC"))) | I16: =SUMIFS(BookingRaw!$C$2:$C$8000,BookingRaw!$A$2:$A$8000,"LCH27",BookingRaw!$B$2:$B$8000,">="&Control!$B7,BookingRaw!$B$2:$B$8000,"<="&Control!$C7) | J16: =SUMIFS(BookingRaw!$D$2:$D$8000,BookingRaw!$A$2:$A$8000,"LCH27",BookingRaw!$B$2:$B$8000,">="&Control!$B7,BookingRaw!$B$2:$B$8000,"<="&Control!$C7) | M16: TOTAL | N16: =SUM(N14:N15) | O16: =SUM(O14:O15)
B17: ="AV Balance till "&DAY(Control!$C7)&" "&CHOOSE(MONTH(Control!$C7),"JAN","FEB","MAR","APR","MAY","JUN","JUL","AUG","SEP","OCT","NOV","DEC") | C17: =C14-C16 | D17: =D14-D16 | H17: ="AV Balance till "&DAY(Control!$C7)&" "&CHOOSE(MONTH(Control!$C7),"JAN","FEB","MAR","APR","MAY","JUN","JUL","AUG","SEP","OCT","NOV","DEC") | I17: =I14-I16 | J17: =J14-J16
B20: BKK27 / BC2 | C20: 20'RE | D20: 40'RH | H20: LCH27 / HAST | I20: 20'RE | J20: 40'RH
B21: AV | C21: =COUNTIFS(StockRaw!$A$2:$A$133,"BKK27",StockRaw!$B$2:$B$133,"22RE",StockRaw!$C$2:$C$133,"IED")+COUNTIFS(StockRaw!$A$2:$A$133,"BKK27",StockRaw!$B$2:$B$133,"22RE",StockRaw!$C$2:$C$133,"IEP")+COUNTIFS(StockRaw!$A$2:$A$133,"BKK27",StockRaw!$B$2:$B$133,"22RE",StockRaw!$C$2:$C$133,"IER") | D21: =COUNTIFS(StockRaw!$A$2:$A$133,"BKK27",StockRaw!$B$2:$B$133,"45RE",StockRaw!$C$2:$C$133,"IED")+COUNTIFS(StockRaw!$A$2:$A$133,"BKK27",StockRaw!$B$2:$B$133,"45RE",StockRaw!$C$2:$C$133,"IEP")+COUNTIFS(StockRaw!$A$2:$A$133,"BKK27",StockRaw!$B$2:$B$133,"45RE",StockRaw!$C$2:$C$133,"IER") | H21: AV | I21: =COUNTIFS(StockRaw!$A$2:$A$133,"LCH27",StockRaw!$B$2:$B$133,"22RE",StockRaw!$C$2:$C$133,"IED")+COUNTIFS(StockRaw!$A$2:$A$133,"LCH27",StockRaw!$B$2:$B$133,"22RE",StockRaw!$C$2:$C$133,"IEP")+COUNTIFS(StockRaw!$A$2:$A$133,"LCH27",StockRaw!$B$2:$B$133,"22RE",StockRaw!$C$2:$C$133,"IER") | J21: =COUNTIFS(StockRaw!$A$2:$A$133,"LCH27",StockRaw!$B$2:$B$133,"45RE",StockRaw!$C$2:$C$133,"IED")+COUNTIFS(StockRaw!$A$2:$A$133,"LCH27",StockRaw!$B$2:$B$133,"45RE",StockRaw!$C$2:$C$133,"IEP")+COUNTIFS(StockRaw!$A$2:$A$133,"LCH27",StockRaw!$B$2:$B$133,"45RE",StockRaw!$C$2:$C$133,"IER")
B22: DMG | C22: =COUNTIFS(StockRaw!$A$2:$A$133,"BKK27",StockRaw!$B$2:$B$133,"22RE",StockRaw!$C$2:$C$133,"OER") | D22: =COUNTIFS(StockRaw!$A$2:$A$133,"BKK27",StockRaw!$B$2:$B$133,"45RE",StockRaw!$C$2:$C$133,"OER") | H22: DMG | I22: =COUNTIFS(StockRaw!$A$2:$A$133,"LCH27",StockRaw!$B$2:$B$133,"22RE",StockRaw!$C$2:$C$133,"OER") | J22: =COUNTIFS(StockRaw!$A$2:$A$133,"LCH27",StockRaw!$B$2:$B$133,"45RE",StockRaw!$C$2:$C$133,"OER")
B25: BKK / BC2 (BKK27) | H25: LCH / HAST (LCH27)
B26: YEAR BUILT 5 YEARS FOR DURIAN SEASON | C26: CARRIER | D26: DAIKIN | E26: THERMO KING | H26: YEAR BUILT 5 YEARS FOR DURIAN SEASON | I26: CARRIER | J26: DAIKIN | K26: THERMO KING
C27: 45RE | D27: 45RE | E27: 45RE | I27: 45RE | J27: 45RE | K27: 45RE
B28: 2026 | C28: 0 | D28: 0 | E28: 0 | H28: 2026 | I28: 0 | J28: 0 | K28: 0
B29: 2025 | C29: 3 | D29: 0 | E29: 1 | H29: 2025 | I29: 8 | J29: 0 | K29: 1
B30: 2024 | C30: 0 | D30: 0 | E30: 0 | H30: 2024 | I30: 0 | J30: 0 | K30: 0
B31: 2023 | C31: 1 | D31: 0 | E31: 0 | H31: 2023 | I31: 0 | J31: 0 | K31: 0
B32: 2022 | C32: 0 | D32: 0 | E32: 0 | H32: 2022 | I32: 0 | J32: 0 | K32: 0
B33: 2021 | C33: 5 | D33: 0 | E33: 0 | H33: 2021 | I33: 4 | J33: 0 | K33: 0
B34: TOTAL | C34: 9 | D34: 0 | E34: 1 | H34: TOTAL | I34: 12 | J34: 0 | K34: 1
D35: OVER 5 Y | E35: 28 | J35: OVER 5 Y | K35: 40

Sheet YEAR BUILT
B1: CARGO CLASSIFICATION (40'RH stock by Built Year, per depot)
B3: BKK27 DURIAN (2021-2026) | F3: BKK27 NON DURIAN (≤ 2020) | J3: LCH27 DURIAN (2021-2026) | N3: LCH27 NON DURIAN (≤ 2020)
B4: =SUM(D11:D16)+SUM(F11:F16)+SUM(H11:H16) | F4: =SUM(D17:D27)+SUM(F17:F27)+SUM(H17:H27) | J4: =SUM(L11:L16)+SUM(N11:N16)+SUM(P11:P16) | N4: =SUM(L17:L27)+SUM(N17:N27)+SUM(P17:P27)
B5: 40'RH stock | F5: 40'RH stock | J5: 40'RH stock | N5: 40'RH stock
B8: BKK27 / BC2 — Stock by Built Year x Brand x Size | J8: LCH27 / HAST — Stock by Built Year x Brand x Size
B9: YEAR BUILT | C9: CARRIER | E9: DAIKIN | G9: THERMO KING | J9: YEAR BUILT | K9: CARRIER | M9: DAIKIN | O9: THERMO KING
C10: 20'RE | D10: 40'RH | E10: 20'RE | F10: 40'RH | G10: 20'RE | H10: 40'RH | K10: 20'RE | L10: 40'RH | M10: 20'RE | N10: 40'RH | O10: 20'RE | P10: 40'RH
B11: 2026 | J11: 2026
B12: 2025 | D12: 3 | E12: 2 | H12: 1 | J12: 2025 | L12: 8 | P12: 1
B13: 2024 | J13: 2024
B14: 2023 | D14: 1 | J14: 2023
B15: 2022 | J15: 2022
B16: 2021 | C16: 9 | D16: 5 | J16: 2021 | K16: 2 | L16: 4
B17: 2020 | C17: 1 | D17: 5 | H17: 1 | J17: 2020 | L17: 9 | P17: 1
B18: 2019 | C18: 3 | D18: 5 | J18: 2019 | L18: 9
B19: 2018 | C19: 1 | J19: 2018
B20: 2017 | C20: 2 | D20: 1 | J20: 2017 | K20: 2 | L20: 2
B21: 2016 | C21: 2 | D21: 2 | E21: 2 | J21: 2016 | L21: 1
B22: 2015 | D22: 3 | E22: 2 | J22: 2015 | L22: 1
B23: 2014 | C23: 2 | J23: 2014 | L23: 5
B24: 2013 | C24: 1 | E24: 4 | F24: 2 | G24: 2 | H24: 2 | J24: 2013 | M24: 2 | N24: 3
B25: 2012 | C25: 1 | D25: 2 | J25: 2012 | L25: 3 | M25: 1
B26: 2011 | F26: 4 | J26: 2011 | N26: 5
B27: 2010 | D27: 1 | J27: 2010 | L27: 1
B28: GTTL | C28: 22 | D28: 28 | E28: 10 | F28: 6 | G28: 2 | H28: 4 | J28: GTTL | K28: 4 | L28: 43 | M28: 3 | N28: 8 | P28: 2

Sheet Dashboard
B1: ='TOTAL RH'!A1
B4: SHORTFALL ALERT | F4: COMBINED 40'RH STOCK | J4: COMBINED 40'RH BOOKING
B5: =MIN('TOTAL RH'!D17,'TOTAL RH'!J17) | F5: ='TOTAL RH'!O6 | J5: ='TOTAL RH'!O11
B6: ="BKK27/LCH27 40'RH, worse "&'TOTAL RH'!B17 | F6: BKK27 + LCH27 | J6: pending + all weeks
B8: DETAIL BY DEPOT
B9: ='TOTAL RH'!B3 | H9: ='TOTAL RH'!H3
C10: 20'RE | D10: 40'RH | I10: 20'RE | J10: 40'RH
B11: ='TOTAL RH'!B5 | C11: ='TOTAL RH'!C5 | D11: ='TOTAL RH'!D5 | H11: ='TOTAL RH'!H5 | I11: ='TOTAL RH'!I5 | J11: ='TOTAL RH'!J5
B12: ='TOTAL RH'!B6 | C12: ='TOTAL RH'!C6 | D12: ='TOTAL RH'!D6 | H12: ='TOTAL RH'!H6 | I12: ='TOTAL RH'!I6 | J12: ='TOTAL RH'!J6
B13: ='TOTAL RH'!B7 | C13: ='TOTAL RH'!C7 | D13: ='TOTAL RH'!D7 | H13: ='TOTAL RH'!H7 | I13: ='TOTAL RH'!I7 | J13: ='TOTAL RH'!J7
B14: ='TOTAL RH'!B8 | C14: ='TOTAL RH'!C8 | D14: ='TOTAL RH'!D8 | H14: ='TOTAL RH'!H8 | I14: ='TOTAL RH'!I8 | J14: ='TOTAL RH'!J8
B16: ='TOTAL RH'!B10 | C16: ='TOTAL RH'!C10 | D16: ='TOTAL RH'!D10 | H16: ='TOTAL RH'!H10 | I16: ='TOTAL RH'!I10 | J16: ='TOTAL RH'!J10
B17: ='TOTAL RH'!B11 | C17: ='TOTAL RH'!C11 | D17: ='TOTAL RH'!D11 | H17: ='TOTAL RH'!H11 | I17: ='TOTAL RH'!I11 | J17: ='TOTAL RH'!J11
B19: ='TOTAL RH'!B13 | C19: ='TOTAL RH'!C13 | D19: ='TOTAL RH'!D13 | H19: ='TOTAL RH'!H13 | I19: ='TOTAL RH'!I13 | J19: ='TOTAL RH'!J13
B20: ='TOTAL RH'!B14 | C20: ='TOTAL RH'!C14 | D20: ='TOTAL RH'!D14 | H20: ='TOTAL RH'!H14 | I20: ='TOTAL RH'!I14 | J20: ='TOTAL RH'!J14
B22: ='TOTAL RH'!B16 | C22: ='TOTAL RH'!C16 | D22: ='TOTAL RH'!D16 | H22: ='TOTAL RH'!H16 | I22: ='TOTAL RH'!I16 | J22: ='TOTAL RH'!J16
B23: ='TOTAL RH'!B17 | C23: ='TOTAL RH'!C17 | D23: ='TOTAL RH'!D17 | H23: ='TOTAL RH'!H17 | I23: ='TOTAL RH'!I17 | J23: ='TOTAL RH'!J17
B26: REMARKS (AV = move code IED/IEP/IER, DMG = move code OER)
B27: ='TOTAL RH'!B3 | H27: ='TOTAL RH'!H3
C28: 20'RE | D28: 40'RH | I28: 20'RE | J28: 40'RH
B29: AV | C29: ='TOTAL RH'!C21 | D29: ='TOTAL RH'!D21 | H29: AV | I29: ='TOTAL RH'!I21 | J29: ='TOTAL RH'!J21
B30: DMG | C30: ='TOTAL RH'!C22 | D30: ='TOTAL RH'!D22 | H30: DMG | I30: ='TOTAL RH'!I22 | J30: ='TOTAL RH'!J22
B33: RF SEASONAL — build year
B34: BKK27 2020-26 BUILT | F34: LCH27 2020-26 BUILT | J34: PEAK BUILD YEAR
B35: =SUM('YEAR BUILT'!D11:D17)+SUM('YEAR BUILT'!F11:F17)+SUM('YEAR BUILT'!H11:H17) | F35: =SUM('YEAR BUILT'!L11:L17)+SUM('YEAR BUILT'!N11:N17)+SUM('YEAR BUILT'!P11:P17) | J35: ="2020"
B36: of 40'RH on hand | F36: of 40'RH on hand | J36: 16 units across both depots
B38: BKK27 DURIAN (2021-2026) | F38: BKK27 NON DURIAN (≤ 2020) | J38: LCH27 DURIAN (2021-2026) | N38: LCH27 NON DURIAN (≤ 2020)
B39: ='YEAR BUILT'!B4 | F39: ='YEAR BUILT'!F4 | J39: ='YEAR BUILT'!J4 | N39: ='YEAR BUILT'!N4
B40: 40'RH stock | F40: 40'RH stock | J40: 40'RH stock | N40: 40'RH stock
B42: BKK27 current mix | H42: LCH27 current mix
C43: 22RE | D43: 45RE | I43: 22RE | J43: 45RE
B44: CARRIER | C44: ='YEAR BUILT'!C28 | D44: ='YEAR BUILT'!D28 | H44: CARRIER | I44: ='YEAR BUILT'!K28 | J44: ='YEAR BUILT'!L28
B45: DAIKIN | C45: ='YEAR BUILT'!E28 | D45: ='YEAR BUILT'!F28 | H45: DAIKIN | I45: ='YEAR BUILT'!M28 | J45: ='YEAR BUILT'!N28
B46: THERMO KING | C46: ='YEAR BUILT'!G28 | D46: ='YEAR BUILT'!H28 | H46: THERMO KING | I46: ='YEAR BUILT'!O28 | J46: ='YEAR BUILT'!P28
B48: Full 2010-2026 Year x Brand x Size breakdown is on the YEAR BUILT sheet.
